{
  "best_val_cer": 1.0,
  "train_loss": [
    17.962482452392578,
    5.7553863525390625,
    5.107292175292969,
    4.782526016235352,
    4.081011772155762,
    3.6985883712768555,
    3.8619842529296875,
    3.837796449661255,
    3.6591267585754395,
    3.5690999031066895,
    3.584237575531006,
    3.616419553756714,
    3.6151623725891113,
    3.586303949356079,
    3.5552144050598145,
    3.546748161315918,
    3.559481620788574,
    3.5637454986572266,
    3.5521163940429688,
    3.5285987854003906,
    3.514064311981201,
    3.51198410987854,
    3.515472650527954,
    3.516058921813965,
    3.5092129707336426,
    3.5056304931640625,
    3.499507427215576,
    3.497562885284424,
    3.4980945587158203,
    3.4969305992126465,
    3.4904680252075195,
    3.484644889831543,
    3.480039119720459,
    3.4771347045898438,
    3.4742050170898438,
    3.469902515411377,
    3.4658875465393066,
    3.46089506149292,
    3.457230567932129,
    3.453019142150879
  ],
  "val_cer": [
    1.0,
    1.0,
    1.0,
    1.0
  ]
}